label,device_id,speed_percent,rpm,source_file,group_id,window_id,record_index,window_index,window_start,window_end,distance_to_class_center,band_name,band_low_hz,band_high_hz,band_energy
正常,Motor-2,100,1480.0,/Users/hewenhao/Documents/电机驱动离心泵多故障电流与振动监测数据集/数据集/原始数据集/Vibration/Motor-2/100/正常状态2/振动_电机2_100_时域-正常状态2-通道4.csv,Motor-2::100::/Users/hewenhao/Documents/电机驱动离心泵多故障电流与振动监测数据集/数据集/原始数据集/Vibration/Motor-2/100/正常状态2/振动_电机2_100_时域-正常状态2-通道4.csv::record_0,振动_电机2_100_时域-正常状态2-通道4_0_10,0,10,12000,14400,1.5971395113630515,0_500,0.0,500.0,0.07186983808127238
正常,Motor-2,100,1480.0,/Users/hewenhao/Documents/电机驱动离心泵多故障电流与振动监测数据集/数据集/原始数据集/Vibration/Motor-2/100/正常状态2/振动_电机2_100_时域-正常状态2-通道4.csv,Motor-2::100::/Users/hewenhao/Documents/电机驱动离心泵多故障电流与振动监测数据集/数据集/原始数据集/Vibration/Motor-2/100/正常状态2/振动_电机2_100_时域-正常状态2-通道4.csv::record_0,振动_电机2_100_时域-正常状态2-通道4_0_10,0,10,12000,14400,1.5971395113630515,500_2000,500.0,2000.0,0.03361548678255675
正常,Motor-2,100,1480.0,/Users/hewenhao/Documents/电机驱动离心泵多故障电流与振动监测数据集/数据集/原始数据集/Vibration/Motor-2/100/正常状态2/振动_电机2_100_时域-正常状态2-通道4.csv,Motor-2::100::/Users/hewenhao/Documents/电机驱动离心泵多故障电流与振动监测数据集/数据集/原始数据集/Vibration/Motor-2/100/正常状态2/振动_电机2_100_时域-正常状态2-通道4.csv::record_0,振动_电机2_100_时域-正常状态2-通道4_0_10,0,10,12000,14400,1.5971395113630515,2000_5000,2000.0,5000.0,0.005748106899337359
转子不平衡,Motor-4,70,2070.0,/Users/hewenhao/Documents/电机驱动离心泵多故障电流与振动监测数据集/数据集/原始数据集/Vibration/Motor-4/70/电机不平衡5/振动_电机4_70_时域-电机不平衡5-通道4.csv,Motor-4::70::/Users/hewenhao/Documents/电机驱动离心泵多故障电流与振动监测数据集/数据集/原始数据集/Vibration/Motor-4/70/电机不平衡5/振动_电机4_70_时域-电机不平衡5-通道4.csv::record_3,振动_电机4_70_时域-电机不平衡5-通道4_3_117,3,117,140400,142800,0.918673700777322,0_500,0.0,500.0,0.05116177577286626
转子不平衡,Motor-4,70,2070.0,/Users/hewenhao/Documents/电机驱动离心泵多故障电流与振动监测数据集/数据集/原始数据集/Vibration/Motor-4/70/电机不平衡5/振动_电机4_70_时域-电机不平衡5-通道4.csv,Motor-4::70::/Users/hewenhao/Documents/电机驱动离心泵多故障电流与振动监测数据集/数据集/原始数据集/Vibration/Motor-4/70/电机不平衡5/振动_电机4_70_时域-电机不平衡5-通道4.csv::record_3,振动_电机4_70_时域-电机不平衡5-通道4_3_117,3,117,140400,142800,0.918673700777322,500_2000,500.0,2000.0,0.035820757887412534
转子不平衡,Motor-4,70,2070.0,/Users/hewenhao/Documents/电机驱动离心泵多故障电流与振动监测数据集/数据集/原始数据集/Vibration/Motor-4/70/电机不平衡5/振动_电机4_70_时域-电机不平衡5-通道4.csv,Motor-4::70::/Users/hewenhao/Documents/电机驱动离心泵多故障电流与振动监测数据集/数据集/原始数据集/Vibration/Motor-4/70/电机不平衡5/振动_电机4_70_时域-电机不平衡5-通道4.csv::record_3,振动_电机4_70_时域-电机不平衡5-通道4_3_117,3,117,140400,142800,0.918673700777322,2000_5000,2000.0,5000.0,0.014175794254183922
联轴器不对中,Motor-4,70,2070.0,/Users/hewenhao/Documents/电机驱动离心泵多故障电流与振动监测数据集/数据集/原始数据集/Vibration/Motor-4/70/平行不对中2/振动_电机4_70_时域-平行不对中2-通道4.csv,Motor-4::70::/Users/hewenhao/Documents/电机驱动离心泵多故障电流与振动监测数据集/数据集/原始数据集/Vibration/Motor-4/70/平行不对中2/振动_电机4_70_时域-平行不对中2-通道4.csv::record_3,振动_电机4_70_时域-平行不对中2-通道4_3_4,3,4,4800,7200,1.3374257583858045,0_500,0.0,500.0,0.07153164464268941
联轴器不对中,Motor-4,70,2070.0,/Users/hewenhao/Documents/电机驱动离心泵多故障电流与振动监测数据集/数据集/原始数据集/Vibration/Motor-4/70/平行不对中2/振动_电机4_70_时域-平行不对中2-通道4.csv,Motor-4::70::/Users/hewenhao/Documents/电机驱动离心泵多故障电流与振动监测数据集/数据集/原始数据集/Vibration/Motor-4/70/平行不对中2/振动_电机4_70_时域-平行不对中2-通道4.csv::record_3,振动_电机4_70_时域-平行不对中2-通道4_3_4,3,4,4800,7200,1.3374257583858045,500_2000,500.0,2000.0,0.05667536231649449
联轴器不对中,Motor-4,70,2070.0,/Users/hewenhao/Documents/电机驱动离心泵多故障电流与振动监测数据集/数据集/原始数据集/Vibration/Motor-4/70/平行不对中2/振动_电机4_70_时域-平行不对中2-通道4.csv,Motor-4::70::/Users/hewenhao/Documents/电机驱动离心泵多故障电流与振动监测数据集/数据集/原始数据集/Vibration/Motor-4/70/平行不对中2/振动_电机4_70_时域-平行不对中2-通道4.csv::record_3,振动_电机4_70_时域-平行不对中2-通道4_3_4,3,4,4800,7200,1.3374257583858045,2000_5000,2000.0,5000.0,0.014767251554500187
松动,Motor-2,75,1110.0,/Users/hewenhao/Documents/电机驱动离心泵多故障电流与振动监测数据集/数据集/原始数据集/Vibration/Motor-2/75/软脚1/振动_电机2_75_时域-软脚1-通道4.csv,Motor-2::75::/Users/hewenhao/Documents/电机驱动离心泵多故障电流与振动监测数据集/数据集/原始数据集/Vibration/Motor-2/75/软脚1/振动_电机2_75_时域-软脚1-通道4.csv::record_13,振动_电机2_75_时域-软脚1-通道4_13_31,13,31,37200,39600,1.582337796797297,0_500,0.0,500.0,0.00940443790451485
松动,Motor-2,75,1110.0,/Users/hewenhao/Documents/电机驱动离心泵多故障电流与振动监测数据集/数据集/原始数据集/Vibration/Motor-2/75/软脚1/振动_电机2_75_时域-软脚1-通道4.csv,Motor-2::75::/Users/hewenhao/Documents/电机驱动离心泵多故障电流与振动监测数据集/数据集/原始数据集/Vibration/Motor-2/75/软脚1/振动_电机2_75_时域-软脚1-通道4.csv::record_13,振动_电机2_75_时域-软脚1-通道4_13_31,13,31,37200,39600,1.582337796797297,500_2000,500.0,2000.0,0.01977899236760232
松动,Motor-2,75,1110.0,/Users/hewenhao/Documents/电机驱动离心泵多故障电流与振动监测数据集/数据集/原始数据集/Vibration/Motor-2/75/软脚1/振动_电机2_75_时域-软脚1-通道4.csv,Motor-2::75::/Users/hewenhao/Documents/电机驱动离心泵多故障电流与振动监测数据集/数据集/原始数据集/Vibration/Motor-2/75/软脚1/振动_电机2_75_时域-软脚1-通道4.csv::record_13,振动_电机2_75_时域-软脚1-通道4_13_31,13,31,37200,39600,1.582337796797297,2000_5000,2000.0,5000.0,0.00290703183771939
轴承故障,Motor-2,75,1110.0,/Users/hewenhao/Documents/电机驱动离心泵多故障电流与振动监测数据集/数据集/原始数据集/Vibration/Motor-2/75/轴承内圈故障1/振动_电机2_75_时域-轴承内圈故障1-通道4.csv,Motor-2::75::/Users/hewenhao/Documents/电机驱动离心泵多故障电流与振动监测数据集/数据集/原始数据集/Vibration/Motor-2/75/轴承内圈故障1/振动_电机2_75_时域-轴承内圈故障1-通道4.csv::record_4,振动_电机2_75_时域-轴承内圈故障1-通道4_4_112,4,112,134400,136800,0.7949520482259049,0_500,0.0,500.0,0.007349009933051567
轴承故障,Motor-2,75,1110.0,/Users/hewenhao/Documents/电机驱动离心泵多故障电流与振动监测数据集/数据集/原始数据集/Vibration/Motor-2/75/轴承内圈故障1/振动_电机2_75_时域-轴承内圈故障1-通道4.csv,Motor-2::75::/Users/hewenhao/Documents/电机驱动离心泵多故障电流与振动监测数据集/数据集/原始数据集/Vibration/Motor-2/75/轴承内圈故障1/振动_电机2_75_时域-轴承内圈故障1-通道4.csv::record_4,振动_电机2_75_时域-轴承内圈故障1-通道4_4_112,4,112,134400,136800,0.7949520482259049,500_2000,500.0,2000.0,0.01195395196678384
轴承故障,Motor-2,75,1110.0,/Users/hewenhao/Documents/电机驱动离心泵多故障电流与振动监测数据集/数据集/原始数据集/Vibration/Motor-2/75/轴承内圈故障1/振动_电机2_75_时域-轴承内圈故障1-通道4.csv,Motor-2::75::/Users/hewenhao/Documents/电机驱动离心泵多故障电流与振动监测数据集/数据集/原始数据集/Vibration/Motor-2/75/轴承内圈故障1/振动_电机2_75_时域-轴承内圈故障1-通道4.csv::record_4,振动_电机2_75_时域-轴承内圈故障1-通道4_4_112,4,112,134400,136800,0.7949520482259049,2000_5000,2000.0,5000.0,0.003969859348880853
汽蚀,Motor-4,70,2070.0,/Users/hewenhao/Documents/电机驱动离心泵多故障电流与振动监测数据集/数据集/原始数据集/Vibration/Motor-4/70/出口汽蚀2/振动_电机4_70_时域-出口汽蚀2-通道4.csv,Motor-4::70::/Users/hewenhao/Documents/电机驱动离心泵多故障电流与振动监测数据集/数据集/原始数据集/Vibration/Motor-4/70/出口汽蚀2/振动_电机4_70_时域-出口汽蚀2-通道4.csv::record_7,振动_电机4_70_时域-出口汽蚀2-通道4_7_56,7,56,67200,69600,1.3420471209429583,0_500,0.0,500.0,0.01099998430906166
汽蚀,Motor-4,70,2070.0,/Users/hewenhao/Documents/电机驱动离心泵多故障电流与振动监测数据集/数据集/原始数据集/Vibration/Motor-4/70/出口汽蚀2/振动_电机4_70_时域-出口汽蚀2-通道4.csv,Motor-4::70::/Users/hewenhao/Documents/电机驱动离心泵多故障电流与振动监测数据集/数据集/原始数据集/Vibration/Motor-4/70/出口汽蚀2/振动_电机4_70_时域-出口汽蚀2-通道4.csv::record_7,振动_电机4_70_时域-出口汽蚀2-通道4_7_56,7,56,67200,69600,1.3420471209429583,500_2000,500.0,2000.0,0.017046903925298368
汽蚀,Motor-4,70,2070.0,/Users/hewenhao/Documents/电机驱动离心泵多故障电流与振动监测数据集/数据集/原始数据集/Vibration/Motor-4/70/出口汽蚀2/振动_电机4_70_时域-出口汽蚀2-通道4.csv,Motor-4::70::/Users/hewenhao/Documents/电机驱动离心泵多故障电流与振动监测数据集/数据集/原始数据集/Vibration/Motor-4/70/出口汽蚀2/振动_电机4_70_时域-出口汽蚀2-通道4.csv::record_7,振动_电机4_70_时域-出口汽蚀2-通道4_7_56,7,56,67200,69600,1.3420471209429583,2000_5000,2000.0,5000.0,0.00697720416445247
