label,device_id,speed_percent,rpm,source_file,group_id,window_id,record_index,window_index,window_start,window_end,distance_to_class_center,node_index,node_path,f_low_hz,f_high_hz,energy_ratio_mean,energy_ratio_std
正常,Motor-2,100,1480.0,/Users/hewenhao/Documents/电机驱动离心泵多故障电流与振动监测数据集/数据集/原始数据集/Vibration/Motor-2/100/正常状态2/振动_电机2_100_时域-正常状态2-通道4.csv,Motor-2::100::/Users/hewenhao/Documents/电机驱动离心泵多故障电流与振动监测数据集/数据集/原始数据集/Vibration/Motor-2/100/正常状态2/振动_电机2_100_时域-正常状态2-通道4.csv::record_0,振动_电机2_100_时域-正常状态2-通道4_0_10,0,10,12000,14400,1.5971395113630515,0,aaa,0.0,750.0,0.715818674976824,0.03285907041241007
正常,Motor-2,100,1480.0,/Users/hewenhao/Documents/电机驱动离心泵多故障电流与振动监测数据集/数据集/原始数据集/Vibration/Motor-2/100/正常状态2/振动_电机2_100_时域-正常状态2-通道4.csv,Motor-2::100::/Users/hewenhao/Documents/电机驱动离心泵多故障电流与振动监测数据集/数据集/原始数据集/Vibration/Motor-2/100/正常状态2/振动_电机2_100_时域-正常状态2-通道4.csv::record_0,振动_电机2_100_时域-正常状态2-通道4_0_10,0,10,12000,14400,1.5971395113630515,1,aad,750.0,1500.0,0.2145738862896115,0.028724757240794728
正常,Motor-2,100,1480.0,/Users/hewenhao/Documents/电机驱动离心泵多故障电流与振动监测数据集/数据集/原始数据集/Vibration/Motor-2/100/正常状态2/振动_电机2_100_时域-正常状态2-通道4.csv,Motor-2::100::/Users/hewenhao/Documents/电机驱动离心泵多故障电流与振动监测数据集/数据集/原始数据集/Vibration/Motor-2/100/正常状态2/振动_电机2_100_时域-正常状态2-通道4.csv::record_0,振动_电机2_100_时域-正常状态2-通道4_0_10,0,10,12000,14400,1.5971395113630515,2,add,1500.0,2250.0,0.019762550099349897,0.00273782164541615
正常,Motor-2,100,1480.0,/Users/hewenhao/Documents/电机驱动离心泵多故障电流与振动监测数据集/数据集/原始数据集/Vibration/Motor-2/100/正常状态2/振动_电机2_100_时域-正常状态2-通道4.csv,Motor-2::100::/Users/hewenhao/Documents/电机驱动离心泵多故障电流与振动监测数据集/数据集/原始数据集/Vibration/Motor-2/100/正常状态2/振动_电机2_100_时域-正常状态2-通道4.csv::record_0,振动_电机2_100_时域-正常状态2-通道4_0_10,0,10,12000,14400,1.5971395113630515,3,ada,2250.0,3000.0,0.015224938459156368,0.0026310548218371095
正常,Motor-2,100,1480.0,/Users/hewenhao/Documents/电机驱动离心泵多故障电流与振动监测数据集/数据集/原始数据集/Vibration/Motor-2/100/正常状态2/振动_电机2_100_时域-正常状态2-通道4.csv,Motor-2::100::/Users/hewenhao/Documents/电机驱动离心泵多故障电流与振动监测数据集/数据集/原始数据集/Vibration/Motor-2/100/正常状态2/振动_电机2_100_时域-正常状态2-通道4.csv::record_0,振动_电机2_100_时域-正常状态2-通道4_0_10,0,10,12000,14400,1.5971395113630515,4,dda,3000.0,3750.0,0.013358744320275317,0.0023152617758970566
正常,Motor-2,100,1480.0,/Users/hewenhao/Documents/电机驱动离心泵多故障电流与振动监测数据集/数据集/原始数据集/Vibration/Motor-2/100/正常状态2/振动_电机2_100_时域-正常状态2-通道4.csv,Motor-2::100::/Users/hewenhao/Documents/电机驱动离心泵多故障电流与振动监测数据集/数据集/原始数据集/Vibration/Motor-2/100/正常状态2/振动_电机2_100_时域-正常状态2-通道4.csv::record_0,振动_电机2_100_时域-正常状态2-通道4_0_10,0,10,12000,14400,1.5971395113630515,5,ddd,3750.0,4500.0,0.016902781956020036,0.0024880071101023482
正常,Motor-2,100,1480.0,/Users/hewenhao/Documents/电机驱动离心泵多故障电流与振动监测数据集/数据集/原始数据集/Vibration/Motor-2/100/正常状态2/振动_电机2_100_时域-正常状态2-通道4.csv,Motor-2::100::/Users/hewenhao/Documents/电机驱动离心泵多故障电流与振动监测数据集/数据集/原始数据集/Vibration/Motor-2/100/正常状态2/振动_电机2_100_时域-正常状态2-通道4.csv::record_0,振动_电机2_100_时域-正常状态2-通道4_0_10,0,10,12000,14400,1.5971395113630515,6,dad,4500.0,5250.0,0.004248705679768414,0.0006462725475937005
正常,Motor-2,100,1480.0,/Users/hewenhao/Documents/电机驱动离心泵多故障电流与振动监测数据集/数据集/原始数据集/Vibration/Motor-2/100/正常状态2/振动_电机2_100_时域-正常状态2-通道4.csv,Motor-2::100::/Users/hewenhao/Documents/电机驱动离心泵多故障电流与振动监测数据集/数据集/原始数据集/Vibration/Motor-2/100/正常状态2/振动_电机2_100_时域-正常状态2-通道4.csv::record_0,振动_电机2_100_时域-正常状态2-通道4_0_10,0,10,12000,14400,1.5971395113630515,7,daa,5250.0,6000.0,0.00010971821899077153,8.494224251651166e-05
转子不平衡,Motor-4,70,2070.0,/Users/hewenhao/Documents/电机驱动离心泵多故障电流与振动监测数据集/数据集/原始数据集/Vibration/Motor-4/70/电机不平衡5/振动_电机4_70_时域-电机不平衡5-通道4.csv,Motor-4::70::/Users/hewenhao/Documents/电机驱动离心泵多故障电流与振动监测数据集/数据集/原始数据集/Vibration/Motor-4/70/电机不平衡5/振动_电机4_70_时域-电机不平衡5-通道4.csv::record_3,振动_电机4_70_时域-电机不平衡5-通道4_3_117,3,117,140400,142800,0.918673700777322,0,aaa,0.0,750.0,0.5838330672980212,0.04086144708458484
转子不平衡,Motor-4,70,2070.0,/Users/hewenhao/Documents/电机驱动离心泵多故障电流与振动监测数据集/数据集/原始数据集/Vibration/Motor-4/70/电机不平衡5/振动_电机4_70_时域-电机不平衡5-通道4.csv,Motor-4::70::/Users/hewenhao/Documents/电机驱动离心泵多故障电流与振动监测数据集/数据集/原始数据集/Vibration/Motor-4/70/电机不平衡5/振动_电机4_70_时域-电机不平衡5-通道4.csv::record_3,振动_电机4_70_时域-电机不平衡5-通道4_3_117,3,117,140400,142800,0.918673700777322,1,aad,750.0,1500.0,0.18603502870273741,0.02059806320311388
转子不平衡,Motor-4,70,2070.0,/Users/hewenhao/Documents/电机驱动离心泵多故障电流与振动监测数据集/数据集/原始数据集/Vibration/Motor-4/70/电机不平衡5/振动_电机4_70_时域-电机不平衡5-通道4.csv,Motor-4::70::/Users/hewenhao/Documents/电机驱动离心泵多故障电流与振动监测数据集/数据集/原始数据集/Vibration/Motor-4/70/电机不平衡5/振动_电机4_70_时域-电机不平衡5-通道4.csv::record_3,振动_电机4_70_时域-电机不平衡5-通道4_3_117,3,117,140400,142800,0.918673700777322,2,add,1500.0,2250.0,0.09776793204737583,0.017836645580191043
转子不平衡,Motor-4,70,2070.0,/Users/hewenhao/Documents/电机驱动离心泵多故障电流与振动监测数据集/数据集/原始数据集/Vibration/Motor-4/70/电机不平衡5/振动_电机4_70_时域-电机不平衡5-通道4.csv,Motor-4::70::/Users/hewenhao/Documents/电机驱动离心泵多故障电流与振动监测数据集/数据集/原始数据集/Vibration/Motor-4/70/电机不平衡5/振动_电机4_70_时域-电机不平衡5-通道4.csv::record_3,振动_电机4_70_时域-电机不平衡5-通道4_3_117,3,117,140400,142800,0.918673700777322,3,ada,2250.0,3000.0,0.03430280480986001,0.0043447186235660625
转子不平衡,Motor-4,70,2070.0,/Users/hewenhao/Documents/电机驱动离心泵多故障电流与振动监测数据集/数据集/原始数据集/Vibration/Motor-4/70/电机不平衡5/振动_电机4_70_时域-电机不平衡5-通道4.csv,Motor-4::70::/Users/hewenhao/Documents/电机驱动离心泵多故障电流与振动监测数据集/数据集/原始数据集/Vibration/Motor-4/70/电机不平衡5/振动_电机4_70_时域-电机不平衡5-通道4.csv::record_3,振动_电机4_70_时域-电机不平衡5-通道4_3_117,3,117,140400,142800,0.918673700777322,4,dda,3000.0,3750.0,0.03134674467877672,0.003981528242424674
转子不平衡,Motor-4,70,2070.0,/Users/hewenhao/Documents/电机驱动离心泵多故障电流与振动监测数据集/数据集/原始数据集/Vibration/Motor-4/70/电机不平衡5/振动_电机4_70_时域-电机不平衡5-通道4.csv,Motor-4::70::/Users/hewenhao/Documents/电机驱动离心泵多故障电流与振动监测数据集/数据集/原始数据集/Vibration/Motor-4/70/电机不平衡5/振动_电机4_70_时域-电机不平衡5-通道4.csv::record_3,振动_电机4_70_时域-电机不平衡5-通道4_3_117,3,117,140400,142800,0.918673700777322,5,ddd,3750.0,4500.0,0.04414644315331653,0.00580533296653382
转子不平衡,Motor-4,70,2070.0,/Users/hewenhao/Documents/电机驱动离心泵多故障电流与振动监测数据集/数据集/原始数据集/Vibration/Motor-4/70/电机不平衡5/振动_电机4_70_时域-电机不平衡5-通道4.csv,Motor-4::70::/Users/hewenhao/Documents/电机驱动离心泵多故障电流与振动监测数据集/数据集/原始数据集/Vibration/Motor-4/70/电机不平衡5/振动_电机4_70_时域-电机不平衡5-通道4.csv::record_3,振动_电机4_70_时域-电机不平衡5-通道4_3_117,3,117,140400,142800,0.918673700777322,6,dad,4500.0,5250.0,0.02221084341714991,0.0033331049326039957
转子不平衡,Motor-4,70,2070.0,/Users/hewenhao/Documents/电机驱动离心泵多故障电流与振动监测数据集/数据集/原始数据集/Vibration/Motor-4/70/电机不平衡5/振动_电机4_70_时域-电机不平衡5-通道4.csv,Motor-4::70::/Users/hewenhao/Documents/电机驱动离心泵多故障电流与振动监测数据集/数据集/原始数据集/Vibration/Motor-4/70/电机不平衡5/振动_电机4_70_时域-电机不平衡5-通道4.csv::record_3,振动_电机4_70_时域-电机不平衡5-通道4_3_117,3,117,140400,142800,0.918673700777322,7,daa,5250.0,6000.0,0.00035713589275817697,0.00024213861055432143
联轴器不对中,Motor-4,70,2070.0,/Users/hewenhao/Documents/电机驱动离心泵多故障电流与振动监测数据集/数据集/原始数据集/Vibration/Motor-4/70/平行不对中2/振动_电机4_70_时域-平行不对中2-通道4.csv,Motor-4::70::/Users/hewenhao/Documents/电机驱动离心泵多故障电流与振动监测数据集/数据集/原始数据集/Vibration/Motor-4/70/平行不对中2/振动_电机4_70_时域-平行不对中2-通道4.csv::record_3,振动_电机4_70_时域-平行不对中2-通道4_3_4,3,4,4800,7200,1.3374257583858045,0,aaa,0.0,750.0,0.6110535000336639,0.0453549223202878
联轴器不对中,Motor-4,70,2070.0,/Users/hewenhao/Documents/电机驱动离心泵多故障电流与振动监测数据集/数据集/原始数据集/Vibration/Motor-4/70/平行不对中2/振动_电机4_70_时域-平行不对中2-通道4.csv,Motor-4::70::/Users/hewenhao/Documents/电机驱动离心泵多故障电流与振动监测数据集/数据集/原始数据集/Vibration/Motor-4/70/平行不对中2/振动_电机4_70_时域-平行不对中2-通道4.csv::record_3,振动_电机4_70_时域-平行不对中2-通道4_3_4,3,4,4800,7200,1.3374257583858045,1,aad,750.0,1500.0,0.18926369171709032,0.023129833860370857
联轴器不对中,Motor-4,70,2070.0,/Users/hewenhao/Documents/电机驱动离心泵多故障电流与振动监测数据集/数据集/原始数据集/Vibration/Motor-4/70/平行不对中2/振动_电机4_70_时域-平行不对中2-通道4.csv,Motor-4::70::/Users/hewenhao/Documents/电机驱动离心泵多故障电流与振动监测数据集/数据集/原始数据集/Vibration/Motor-4/70/平行不对中2/振动_电机4_70_时域-平行不对中2-通道4.csv::record_3,振动_电机4_70_时域-平行不对中2-通道4_3_4,3,4,4800,7200,1.3374257583858045,2,add,1500.0,2250.0,0.11124192444592002,0.01758718899241172
联轴器不对中,Motor-4,70,2070.0,/Users/hewenhao/Documents/电机驱动离心泵多故障电流与振动监测数据集/数据集/原始数据集/Vibration/Motor-4/70/平行不对中2/振动_电机4_70_时域-平行不对中2-通道4.csv,Motor-4::70::/Users/hewenhao/Documents/电机驱动离心泵多故障电流与振动监测数据集/数据集/原始数据集/Vibration/Motor-4/70/平行不对中2/振动_电机4_70_时域-平行不对中2-通道4.csv::record_3,振动_电机4_70_时域-平行不对中2-通道4_3_4,3,4,4800,7200,1.3374257583858045,3,ada,2250.0,3000.0,0.024612489566492642,0.0045739760286361815
联轴器不对中,Motor-4,70,2070.0,/Users/hewenhao/Documents/电机驱动离心泵多故障电流与振动监测数据集/数据集/原始数据集/Vibration/Motor-4/70/平行不对中2/振动_电机4_70_时域-平行不对中2-通道4.csv,Motor-4::70::/Users/hewenhao/Documents/电机驱动离心泵多故障电流与振动监测数据集/数据集/原始数据集/Vibration/Motor-4/70/平行不对中2/振动_电机4_70_时域-平行不对中2-通道4.csv::record_3,振动_电机4_70_时域-平行不对中2-通道4_3_4,3,4,4800,7200,1.3374257583858045,4,dda,3000.0,3750.0,0.014356169865898251,0.00263060725655847
联轴器不对中,Motor-4,70,2070.0,/Users/hewenhao/Documents/电机驱动离心泵多故障电流与振动监测数据集/数据集/原始数据集/Vibration/Motor-4/70/平行不对中2/振动_电机4_70_时域-平行不对中2-通道4.csv,Motor-4::70::/Users/hewenhao/Documents/电机驱动离心泵多故障电流与振动监测数据集/数据集/原始数据集/Vibration/Motor-4/70/平行不对中2/振动_电机4_70_时域-平行不对中2-通道4.csv::record_3,振动_电机4_70_时域-平行不对中2-通道4_3_4,3,4,4800,7200,1.3374257583858045,5,ddd,3750.0,4500.0,0.030910259949145057,0.005461403746965149
联轴器不对中,Motor-4,70,2070.0,/Users/hewenhao/Documents/电机驱动离心泵多故障电流与振动监测数据集/数据集/原始数据集/Vibration/Motor-4/70/平行不对中2/振动_电机4_70_时域-平行不对中2-通道4.csv,Motor-4::70::/Users/hewenhao/Documents/电机驱动离心泵多故障电流与振动监测数据集/数据集/原始数据集/Vibration/Motor-4/70/平行不对中2/振动_电机4_70_时域-平行不对中2-通道4.csv::record_3,振动_电机4_70_时域-平行不对中2-通道4_3_4,3,4,4800,7200,1.3374257583858045,6,dad,4500.0,5250.0,0.018199937649200085,0.0037178148667419393
联轴器不对中,Motor-4,70,2070.0,/Users/hewenhao/Documents/电机驱动离心泵多故障电流与振动监测数据集/数据集/原始数据集/Vibration/Motor-4/70/平行不对中2/振动_电机4_70_时域-平行不对中2-通道4.csv,Motor-4::70::/Users/hewenhao/Documents/电机驱动离心泵多故障电流与振动监测数据集/数据集/原始数据集/Vibration/Motor-4/70/平行不对中2/振动_电机4_70_时域-平行不对中2-通道4.csv::record_3,振动_电机4_70_时域-平行不对中2-通道4_3_4,3,4,4800,7200,1.3374257583858045,7,daa,5250.0,6000.0,0.0003620267725867337,0.0001942479981635081
松动,Motor-2,75,1110.0,/Users/hewenhao/Documents/电机驱动离心泵多故障电流与振动监测数据集/数据集/原始数据集/Vibration/Motor-2/75/软脚1/振动_电机2_75_时域-软脚1-通道4.csv,Motor-2::75::/Users/hewenhao/Documents/电机驱动离心泵多故障电流与振动监测数据集/数据集/原始数据集/Vibration/Motor-2/75/软脚1/振动_电机2_75_时域-软脚1-通道4.csv::record_13,振动_电机2_75_时域-软脚1-通道4_13_31,13,31,37200,39600,1.582337796797297,0,aaa,0.0,750.0,0.43300456235964824,0.05638881431809265
松动,Motor-2,75,1110.0,/Users/hewenhao/Documents/电机驱动离心泵多故障电流与振动监测数据集/数据集/原始数据集/Vibration/Motor-2/75/软脚1/振动_电机2_75_时域-软脚1-通道4.csv,Motor-2::75::/Users/hewenhao/Documents/电机驱动离心泵多故障电流与振动监测数据集/数据集/原始数据集/Vibration/Motor-2/75/软脚1/振动_电机2_75_时域-软脚1-通道4.csv::record_13,振动_电机2_75_时域-软脚1-通道4_13_31,13,31,37200,39600,1.582337796797297,1,aad,750.0,1500.0,0.4291776629497548,0.07999252637069443
松动,Motor-2,75,1110.0,/Users/hewenhao/Documents/电机驱动离心泵多故障电流与振动监测数据集/数据集/原始数据集/Vibration/Motor-2/75/软脚1/振动_电机2_75_时域-软脚1-通道4.csv,Motor-2::75::/Users/hewenhao/Documents/电机驱动离心泵多故障电流与振动监测数据集/数据集/原始数据集/Vibration/Motor-2/75/软脚1/振动_电机2_75_时域-软脚1-通道4.csv::record_13,振动_电机2_75_时域-软脚1-通道4_13_31,13,31,37200,39600,1.582337796797297,2,add,1500.0,2250.0,0.03127026310046578,0.005702731873937839
松动,Motor-2,75,1110.0,/Users/hewenhao/Documents/电机驱动离心泵多故障电流与振动监测数据集/数据集/原始数据集/Vibration/Motor-2/75/软脚1/振动_电机2_75_时域-软脚1-通道4.csv,Motor-2::75::/Users/hewenhao/Documents/电机驱动离心泵多故障电流与振动监测数据集/数据集/原始数据集/Vibration/Motor-2/75/软脚1/振动_电机2_75_时域-软脚1-通道4.csv::record_13,振动_电机2_75_时域-软脚1-通道4_13_31,13,31,37200,39600,1.582337796797297,3,ada,2250.0,3000.0,0.035488144453945325,0.010964814750842019
松动,Motor-2,75,1110.0,/Users/hewenhao/Documents/电机驱动离心泵多故障电流与振动监测数据集/数据集/原始数据集/Vibration/Motor-2/75/软脚1/振动_电机2_75_时域-软脚1-通道4.csv,Motor-2::75::/Users/hewenhao/Documents/电机驱动离心泵多故障电流与振动监测数据集/数据集/原始数据集/Vibration/Motor-2/75/软脚1/振动_电机2_75_时域-软脚1-通道4.csv::record_13,振动_电机2_75_时域-软脚1-通道4_13_31,13,31,37200,39600,1.582337796797297,4,dda,3000.0,3750.0,0.03246779892938292,0.01180008310496072
松动,Motor-2,75,1110.0,/Users/hewenhao/Documents/电机驱动离心泵多故障电流与振动监测数据集/数据集/原始数据集/Vibration/Motor-2/75/软脚1/振动_电机2_75_时域-软脚1-通道4.csv,Motor-2::75::/Users/hewenhao/Documents/电机驱动离心泵多故障电流与振动监测数据集/数据集/原始数据集/Vibration/Motor-2/75/软脚1/振动_电机2_75_时域-软脚1-通道4.csv::record_13,振动_电机2_75_时域-软脚1-通道4_13_31,13,31,37200,39600,1.582337796797297,5,ddd,3750.0,4500.0,0.032100499234574816,0.015194609839601527
松动,Motor-2,75,1110.0,/Users/hewenhao/Documents/电机驱动离心泵多故障电流与振动监测数据集/数据集/原始数据集/Vibration/Motor-2/75/软脚1/振动_电机2_75_时域-软脚1-通道4.csv,Motor-2::75::/Users/hewenhao/Documents/电机驱动离心泵多故障电流与振动监测数据集/数据集/原始数据集/Vibration/Motor-2/75/软脚1/振动_电机2_75_时域-软脚1-通道4.csv::record_13,振动_电机2_75_时域-软脚1-通道4_13_31,13,31,37200,39600,1.582337796797297,6,dad,4500.0,5250.0,0.0062431332994114346,0.0037198977463738466
松动,Motor-2,75,1110.0,/Users/hewenhao/Documents/电机驱动离心泵多故障电流与振动监测数据集/数据集/原始数据集/Vibration/Motor-2/75/软脚1/振动_电机2_75_时域-软脚1-通道4.csv,Motor-2::75::/Users/hewenhao/Documents/电机驱动离心泵多故障电流与振动监测数据集/数据集/原始数据集/Vibration/Motor-2/75/软脚1/振动_电机2_75_时域-软脚1-通道4.csv::record_13,振动_电机2_75_时域-软脚1-通道4_13_31,13,31,37200,39600,1.582337796797297,7,daa,5250.0,6000.0,0.0002479356727981279,0.0001806893130467689
轴承故障,Motor-2,75,1110.0,/Users/hewenhao/Documents/电机驱动离心泵多故障电流与振动监测数据集/数据集/原始数据集/Vibration/Motor-2/75/轴承内圈故障1/振动_电机2_75_时域-轴承内圈故障1-通道4.csv,Motor-2::75::/Users/hewenhao/Documents/电机驱动离心泵多故障电流与振动监测数据集/数据集/原始数据集/Vibration/Motor-2/75/轴承内圈故障1/振动_电机2_75_时域-轴承内圈故障1-通道4.csv::record_4,振动_电机2_75_时域-轴承内圈故障1-通道4_4_112,4,112,134400,136800,0.7949520482259049,0,aaa,0.0,750.0,0.42586502881836646,0.05976367891388989
轴承故障,Motor-2,75,1110.0,/Users/hewenhao/Documents/电机驱动离心泵多故障电流与振动监测数据集/数据集/原始数据集/Vibration/Motor-2/75/轴承内圈故障1/振动_电机2_75_时域-轴承内圈故障1-通道4.csv,Motor-2::75::/Users/hewenhao/Documents/电机驱动离心泵多故障电流与振动监测数据集/数据集/原始数据集/Vibration/Motor-2/75/轴承内圈故障1/振动_电机2_75_时域-轴承内圈故障1-通道4.csv::record_4,振动_电机2_75_时域-轴承内圈故障1-通道4_4_112,4,112,134400,136800,0.7949520482259049,1,aad,750.0,1500.0,0.3610984110156613,0.0591356418422124
轴承故障,Motor-2,75,1110.0,/Users/hewenhao/Documents/电机驱动离心泵多故障电流与振动监测数据集/数据集/原始数据集/Vibration/Motor-2/75/轴承内圈故障1/振动_电机2_75_时域-轴承内圈故障1-通道4.csv,Motor-2::75::/Users/hewenhao/Documents/电机驱动离心泵多故障电流与振动监测数据集/数据集/原始数据集/Vibration/Motor-2/75/轴承内圈故障1/振动_电机2_75_时域-轴承内圈故障1-通道4.csv::record_4,振动_电机2_75_时域-轴承内圈故障1-通道4_4_112,4,112,134400,136800,0.7949520482259049,2,add,1500.0,2250.0,0.05384774871380321,0.00848795890317776
轴承故障,Motor-2,75,1110.0,/Users/hewenhao/Documents/电机驱动离心泵多故障电流与振动监测数据集/数据集/原始数据集/Vibration/Motor-2/75/轴承内圈故障1/振动_电机2_75_时域-轴承内圈故障1-通道4.csv,Motor-2::75::/Users/hewenhao/Documents/电机驱动离心泵多故障电流与振动监测数据集/数据集/原始数据集/Vibration/Motor-2/75/轴承内圈故障1/振动_电机2_75_时域-轴承内圈故障1-通道4.csv::record_4,振动_电机2_75_时域-轴承内圈故障1-通道4_4_112,4,112,134400,136800,0.7949520482259049,3,ada,2250.0,3000.0,0.05900839171461192,0.014140185007578056
轴承故障,Motor-2,75,1110.0,/Users/hewenhao/Documents/电机驱动离心泵多故障电流与振动监测数据集/数据集/原始数据集/Vibration/Motor-2/75/轴承内圈故障1/振动_电机2_75_时域-轴承内圈故障1-通道4.csv,Motor-2::75::/Users/hewenhao/Documents/电机驱动离心泵多故障电流与振动监测数据集/数据集/原始数据集/Vibration/Motor-2/75/轴承内圈故障1/振动_电机2_75_时域-轴承内圈故障1-通道4.csv::record_4,振动_电机2_75_时域-轴承内圈故障1-通道4_4_112,4,112,134400,136800,0.7949520482259049,4,dda,3000.0,3750.0,0.03211785661129892,0.012865051621101716
轴承故障,Motor-2,75,1110.0,/Users/hewenhao/Documents/电机驱动离心泵多故障电流与振动监测数据集/数据集/原始数据集/Vibration/Motor-2/75/轴承内圈故障1/振动_电机2_75_时域-轴承内圈故障1-通道4.csv,Motor-2::75::/Users/hewenhao/Documents/电机驱动离心泵多故障电流与振动监测数据集/数据集/原始数据集/Vibration/Motor-2/75/轴承内圈故障1/振动_电机2_75_时域-轴承内圈故障1-通道4.csv::record_4,振动_电机2_75_时域-轴承内圈故障1-通道4_4_112,4,112,134400,136800,0.7949520482259049,5,ddd,3750.0,4500.0,0.04360843837267134,0.0469825334364504
轴承故障,Motor-2,75,1110.0,/Users/hewenhao/Documents/电机驱动离心泵多故障电流与振动监测数据集/数据集/原始数据集/Vibration/Motor-2/75/轴承内圈故障1/振动_电机2_75_时域-轴承内圈故障1-通道4.csv,Motor-2::75::/Users/hewenhao/Documents/电机驱动离心泵多故障电流与振动监测数据集/数据集/原始数据集/Vibration/Motor-2/75/轴承内圈故障1/振动_电机2_75_时域-轴承内圈故障1-通道4.csv::record_4,振动_电机2_75_时域-轴承内圈故障1-通道4_4_112,4,112,134400,136800,0.7949520482259049,6,dad,4500.0,5250.0,0.02373602195469701,0.014986313954963386
轴承故障,Motor-2,75,1110.0,/Users/hewenhao/Documents/电机驱动离心泵多故障电流与振动监测数据集/数据集/原始数据集/Vibration/Motor-2/75/轴承内圈故障1/振动_电机2_75_时域-轴承内圈故障1-通道4.csv,Motor-2::75::/Users/hewenhao/Documents/电机驱动离心泵多故障电流与振动监测数据集/数据集/原始数据集/Vibration/Motor-2/75/轴承内圈故障1/振动_电机2_75_时域-轴承内圈故障1-通道4.csv::record_4,振动_电机2_75_时域-轴承内圈故障1-通道4_4_112,4,112,134400,136800,0.7949520482259049,7,daa,5250.0,6000.0,0.0007181027988712118,0.0003557501101033507
汽蚀,Motor-4,70,2070.0,/Users/hewenhao/Documents/电机驱动离心泵多故障电流与振动监测数据集/数据集/原始数据集/Vibration/Motor-4/70/出口汽蚀2/振动_电机4_70_时域-出口汽蚀2-通道4.csv,Motor-4::70::/Users/hewenhao/Documents/电机驱动离心泵多故障电流与振动监测数据集/数据集/原始数据集/Vibration/Motor-4/70/出口汽蚀2/振动_电机4_70_时域-出口汽蚀2-通道4.csv::record_7,振动_电机4_70_时域-出口汽蚀2-通道4_7_56,7,56,67200,69600,1.3420471209429583,0,aaa,0.0,750.0,0.35533890058901346,0.04114711254459309
汽蚀,Motor-4,70,2070.0,/Users/hewenhao/Documents/电机驱动离心泵多故障电流与振动监测数据集/数据集/原始数据集/Vibration/Motor-4/70/出口汽蚀2/振动_电机4_70_时域-出口汽蚀2-通道4.csv,Motor-4::70::/Users/hewenhao/Documents/电机驱动离心泵多故障电流与振动监测数据集/数据集/原始数据集/Vibration/Motor-4/70/出口汽蚀2/振动_电机4_70_时域-出口汽蚀2-通道4.csv::record_7,振动_电机4_70_时域-出口汽蚀2-通道4_7_56,7,56,67200,69600,1.3420471209429583,1,aad,750.0,1500.0,0.2776152679855158,0.031303000870021844
汽蚀,Motor-4,70,2070.0,/Users/hewenhao/Documents/电机驱动离心泵多故障电流与振动监测数据集/数据集/原始数据集/Vibration/Motor-4/70/出口汽蚀2/振动_电机4_70_时域-出口汽蚀2-通道4.csv,Motor-4::70::/Users/hewenhao/Documents/电机驱动离心泵多故障电流与振动监测数据集/数据集/原始数据集/Vibration/Motor-4/70/出口汽蚀2/振动_电机4_70_时域-出口汽蚀2-通道4.csv::record_7,振动_电机4_70_时域-出口汽蚀2-通道4_7_56,7,56,67200,69600,1.3420471209429583,2,add,1500.0,2250.0,0.2125048368632772,0.027264949804661143
汽蚀,Motor-4,70,2070.0,/Users/hewenhao/Documents/电机驱动离心泵多故障电流与振动监测数据集/数据集/原始数据集/Vibration/Motor-4/70/出口汽蚀2/振动_电机4_70_时域-出口汽蚀2-通道4.csv,Motor-4::70::/Users/hewenhao/Documents/电机驱动离心泵多故障电流与振动监测数据集/数据集/原始数据集/Vibration/Motor-4/70/出口汽蚀2/振动_电机4_70_时域-出口汽蚀2-通道4.csv::record_7,振动_电机4_70_时域-出口汽蚀2-通道4_7_56,7,56,67200,69600,1.3420471209429583,3,ada,2250.0,3000.0,0.03436959518703865,0.004603643185296999
汽蚀,Motor-4,70,2070.0,/Users/hewenhao/Documents/电机驱动离心泵多故障电流与振动监测数据集/数据集/原始数据集/Vibration/Motor-4/70/出口汽蚀2/振动_电机4_70_时域-出口汽蚀2-通道4.csv,Motor-4::70::/Users/hewenhao/Documents/电机驱动离心泵多故障电流与振动监测数据集/数据集/原始数据集/Vibration/Motor-4/70/出口汽蚀2/振动_电机4_70_时域-出口汽蚀2-通道4.csv::record_7,振动_电机4_70_时域-出口汽蚀2-通道4_7_56,7,56,67200,69600,1.3420471209429583,4,dda,3000.0,3750.0,0.029114436162991267,0.004242901945105857
汽蚀,Motor-4,70,2070.0,/Users/hewenhao/Documents/电机驱动离心泵多故障电流与振动监测数据集/数据集/原始数据集/Vibration/Motor-4/70/出口汽蚀2/振动_电机4_70_时域-出口汽蚀2-通道4.csv,Motor-4::70::/Users/hewenhao/Documents/电机驱动离心泵多故障电流与振动监测数据集/数据集/原始数据集/Vibration/Motor-4/70/出口汽蚀2/振动_电机4_70_时域-出口汽蚀2-通道4.csv::record_7,振动_电机4_70_时域-出口汽蚀2-通道4_7_56,7,56,67200,69600,1.3420471209429583,5,ddd,3750.0,4500.0,0.0601076000167402,0.027239068340369627
汽蚀,Motor-4,70,2070.0,/Users/hewenhao/Documents/电机驱动离心泵多故障电流与振动监测数据集/数据集/原始数据集/Vibration/Motor-4/70/出口汽蚀2/振动_电机4_70_时域-出口汽蚀2-通道4.csv,Motor-4::70::/Users/hewenhao/Documents/电机驱动离心泵多故障电流与振动监测数据集/数据集/原始数据集/Vibration/Motor-4/70/出口汽蚀2/振动_电机4_70_时域-出口汽蚀2-通道4.csv::record_7,振动_电机4_70_时域-出口汽蚀2-通道4_7_56,7,56,67200,69600,1.3420471209429583,6,dad,4500.0,5250.0,0.030531218095012275,0.012452292728013816
汽蚀,Motor-4,70,2070.0,/Users/hewenhao/Documents/电机驱动离心泵多故障电流与振动监测数据集/数据集/原始数据集/Vibration/Motor-4/70/出口汽蚀2/振动_电机4_70_时域-出口汽蚀2-通道4.csv,Motor-4::70::/Users/hewenhao/Documents/电机驱动离心泵多故障电流与振动监测数据集/数据集/原始数据集/Vibration/Motor-4/70/出口汽蚀2/振动_电机4_70_时域-出口汽蚀2-通道4.csv::record_7,振动_电机4_70_时域-出口汽蚀2-通道4_7_56,7,56,67200,69600,1.3420471209429583,7,daa,5250.0,6000.0,0.00041814510039955366,0.000311174113197247
